length,volume,temperature,energy,electric_energy,magnetic_energy,rho,mean_pressure,w,partition_work_pressure,anisotropic_stress_frobenius
0.5,2.1816949906249126,0.25,7.500000000000002,3.7500000000000018,3.75,3.4376941012509468,1.1458980337503155,0.3333333333333333,1.145898033746165,3.475957062176881e-16
0.5,2.1816949906249126,1.0,30.000000000000007,15.000000000000007,15.0,13.750776405003787,4.583592135001262,0.3333333333333333,4.583592134990088,1.3903828248707524e-15
0.5,2.1816949906249126,4.0,120.00000000000003,60.00000000000003,60.0,55.00310562001515,18.33436854000505,0.3333333333333333,18.33436853996035,5.56153129948301e-15
1.0,17.453559924999297,0.25,7.500000000000002,3.7500000000000018,3.7500000000000004,0.42971176265636846,0.14323725421878944,0.33333333333333326,0.14323725421894914,4.0504639312578215e-17
1.0,17.453559924999297,1.0,30.000000000000007,15.000000000000007,15.000000000000002,1.7188470506254738,0.5729490168751578,0.33333333333333326,0.5729490168757966,1.6201855725031286e-16
1.0,17.453559924999297,4.0,120.00000000000003,60.00000000000003,60.00000000000001,6.875388202501895,2.291796067500631,0.33333333333333326,2.2917960675031863,6.480742290012514e-16
2.0,139.6284793999944,0.25,7.500000000000002,3.7500000000000018,3.75,0.05371397033204604,0.01790465677734868,0.3333333333333333,0.017904656777362568,5.902151911048574e-18
2.0,139.6284793999944,1.0,30.000000000000007,15.000000000000007,15.0,0.21485588132818417,0.07161862710939472,0.3333333333333333,0.07161862710940786,2.3608607644194296e-17
2.0,139.6284793999944,4.0,120.00000000000003,60.00000000000003,60.0,0.8594235253127367,0.2864745084375789,0.3333333333333333,0.28647450843763145,9.443443057677718e-17
