step,model_time,energy,electric_energy,magnetic_energy,rho,mean_pressure,w_mean_stress,anisotropic_stress_frobenius
0,0.0,10.013344931523935,1.286564969024291,8.726779962499645,0.5737136134148483,0.19123787113828283,0.3333333333333334,0.8141739379493022
1,0.025,10.013344931523937,1.2892682255198105,8.724076706004126,0.5737136134148484,0.19123787113828275,0.33333333333333326,0.8124627982667529
2,0.05,10.013344931523939,1.312504402041769,8.70084052948217,0.5737136134148485,0.19123787113828272,0.33333333333333315,0.8051237461090268
3,0.07500000000000001,10.013344931523935,1.3568966160375981,8.656448315486337,0.5737136134148483,0.19123787113828272,0.33333333333333326,0.7922189310185181
4,0.1,10.013344931523934,1.4233929840019133,8.589951947522021,0.5737136134148482,0.19123787113828286,0.33333333333333354,0.7738606816112684
5,0.125,10.013344931523932,1.513204524215554,8.500140407308377,0.5737136134148481,0.1912378711382827,0.3333333333333333,0.7502109372584816
6,0.15000000000000002,10.013344931523932,1.6277222948543109,8.385622636669622,0.5737136134148481,0.19123787113828272,0.33333333333333337,0.7214803619227343
7,0.17500000000000002,10.013344931523928,1.7684173781837709,8.244927553340158,0.573713613414848,0.19123787113828272,0.3333333333333335,0.6879271752074063
8,0.2,10.013344931523932,1.9367280916678111,8.07661683985612,0.5737136134148481,0.19123787113828258,0.3333333333333331,0.6498557605190407
9,0.225,10.013344931523928,2.1339393970370484,7.87940553448688,0.573713613414848,0.19123787113828264,0.33333333333333337,0.607615151384354
10,0.25,10.013344931523928,2.3610598644263225,7.652285067097605,0.573713613414848,0.1912378711382826,0.3333333333333333,0.5615975720614454
11,0.275,10.013344931523928,2.618701714710926,7.3946432168130025,0.573713613414848,0.1912378711382826,0.3333333333333333,0.5122373567299263
12,0.30000000000000004,10.013344931523926,2.9069694022792034,7.1063755292447235,0.5737136134148478,0.19123787113828258,0.3333333333333333,0.4600108846871457
13,0.325,10.013344931523928,3.2253619150822455,6.787983016441682,0.573713613414848,0.19123787113828258,0.3333333333333332,0.40543888037484166
14,0.35000000000000003,10.013344931523925,3.5726934704641624,6.440651461059763,0.5737136134148477,0.19123787113828258,0.33333333333333337,0.3490941851581226
15,0.375,10.013344931523926,3.947036594220188,6.066308337303738,0.5737136134148478,0.19123787113828264,0.3333333333333334,0.29162292782698757
16,0.4,10.013344931523925,4.345690714576128,5.667654216947797,0.5737136134148477,0.19123787113828258,0.33333333333333337,0.23380209616960573
17,0.42500000000000004,10.013344931523925,4.765178416978531,5.248166514545393,0.5737136134148477,0.1912378711382826,0.3333333333333334,0.17671244071839906
18,0.45,10.013344931523926,5.201270429558797,4.81207450196513,0.5737136134148478,0.19123787113828258,0.3333333333333333,0.12236429622699665
19,0.47500000000000003,10.013344931523926,5.6490392862460626,4.364305645277864,0.5737136134148478,0.19123787113828258,0.3333333333333333,0.07660247162802629
20,0.5,10.013344931523925,6.102940489855916,3.9104044416680086,0.5737136134148477,0.1912378711382825,0.3333333333333332,0.060115578130658445
21,0.525,10.013344931523923,6.556918916071399,3.4564260154525246,0.5737136134148476,0.1912378711382826,0.3333333333333335,0.08753427870736195
22,0.55,10.013344931523925,7.004537204115577,3.008807727408347,0.5737136134148477,0.19123787113828253,0.33333333333333326,0.1312972388938907
23,0.5750000000000001,10.013344931523928,7.439122010464608,2.5742229210593193,0.573713613414848,0.19123787113828264,0.33333333333333337,0.1771400676777623
24,0.6000000000000001,10.01334493152393,7.853923292278203,2.159421639245727,0.573713613414848,0.19123787113828264,0.3333333333333333,0.22128364934610445
25,0.625,10.013344931523928,8.242281264829735,1.7710636666941926,0.573713613414848,0.1912378711382826,0.3333333333333333,0.2622725996625235
26,0.65,10.013344931523928,8.59779536191821,1.4155495696057177,0.573713613414848,0.19123787113828264,0.33333333333333337,0.29929304704906534
27,0.675,10.013344931523926,8.914489431429713,1.0988555000942137,0.5737136134148478,0.1912378711382826,0.33333333333333337,0.3317800636647601
28,0.7000000000000001,10.013344931523934,9.186967522459232,0.8263774090647009,0.5737136134148482,0.19123787113828272,0.3333333333333333,0.3593010174896806
29,0.7250000000000001,10.01334493152393,9.410554959430007,0.6027899720939235,0.573713613414848,0.19123787113828258,0.33333333333333315,0.38151486654381334
30,0.75,10.013344931523935,9.581419937672,0.4319249938519345,0.5737136134148483,0.19123787113828272,0.33333333333333326,0.3981566860464679
31,0.775,10.013344931523934,9.696671591326112,0.3166733401978211,0.5737136134148482,0.1912378711382827,0.33333333333333326,0.40903167510245897
32,0.8,10.013344931523935,9.75443134877317,0.25891358275076454,0.5737136134148483,0.19123787113828275,0.3333333333333333,0.4140129436945404
33,0.8250000000000001,10.013344931523935,9.753875368014246,0.25946956350968986,0.5737136134148483,0.19123787113828275,0.3333333333333333,0.41304078221488905
34,0.8500000000000001,10.013344931523934,9.69524689542084,0.31809803610309295,0.5737136134148482,0.19123787113828272,0.3333333333333333,0.40612244369991163
35,0.875,10.01334493152393,9.579838474419388,0.4335064571045426,0.573713613414848,0.1912378711382826,0.33333333333333326,0.3933320852631883
36,0.9,10.013344931523934,9.409945003593425,0.6033999279305083,0.5737136134148482,0.19123787113828264,0.3333333333333332,0.3748109047353426
37,0.925,10.013344931523934,9.188789664938355,0.8245552665855791,0.5737136134148482,0.19123787113828272,0.3333333333333333,0.3507679195020462
38,0.9500000000000001,10.013344931523935,8.920425673741999,1.0929192577819355,0.5737136134148483,0.1912378711382827,0.3333333333333332,0.3214825420710151
39,0.9750000000000001,10.013344931523934,8.60961760705994,1.4037273244639936,0.5737136134148482,0.19123787113828272,0.3333333333333333,0.2873117215936019
40,1.0,10.013344931523932,8.261706718730533,1.751638212793398,0.5737136134148481,0.19123787113828264,0.33333333333333326,0.24870877661835225
41,1.0250000000000001,10.013344931523934,7.882465122594693,2.1308798089292402,0.5737136134148482,0.1912378711382827,0.33333333333333326,0.20627471767308744
42,1.05,10.013344931523934,7.477944006667356,2.5354009248565768,0.5737136134148482,0.19123787113828272,0.3333333333333333,0.16091430792727698
43,1.075,10.013344931523934,7.054321121917442,2.959023809606491,0.5737136134148482,0.19123787113828272,0.3333333333333333,0.11441453360174375
44,1.1,10.013344931523934,6.617752670538615,3.395592260985318,0.5737136134148482,0.19123787113828272,0.3333333333333333,0.07229812549779893
45,1.125,10.013344931523935,6.174234408486926,3.8391105230370095,0.5737136134148483,0.19123787113828275,0.3333333333333333,0.056783268433493635
46,1.1500000000000001,10.013344931523935,5.729476291367652,4.2838686401562835,0.5737136134148483,0.1912378711382828,0.33333333333333337,0.0883145057863574
47,1.175,10.013344931523934,5.288794353847462,4.724550577676472,0.5737136134148482,0.1912378711382827,0.33333333333333326,0.13939600118779444
48,1.2000000000000002,10.013344931523934,4.857022748638036,5.156322182885898,0.5737136134148482,0.19123787113828275,0.33333333333333337,0.19579945906587767
49,1.225,10.013344931523932,4.4384480141238765,5.574896917400055,0.5737136134148481,0.19123787113828272,0.33333333333333337,0.25389292482402487
50,1.25,10.013344931523934,4.0367667252854575,5.976578206238476,0.5737136134148482,0.1912378711382827,0.33333333333333326,0.31220373318797906
51,1.2750000000000001,10.013344931523935,3.655066747640892,6.3582781838830424,0.5737136134148483,0.19123787113828272,0.33333333333333326,0.3698185207551181
52,1.3,10.013344931523935,3.295831395481661,6.717513536042274,0.5737136134148483,0.19123787113828275,0.3333333333333333,0.42602355433048233
53,1.3250000000000002,10.013344931523939,2.960964929271528,7.05238000225241,0.5737136134148485,0.19123787113828286,0.33333333333333337,0.48020021637458926
54,1.35,10.013344931523937,2.6518370454668196,7.361507886057118,0.5737136134148484,0.19123787113828286,0.3333333333333334,0.5317895926864941
55,1.375,10.013344931523939,2.3693433439094616,7.644001587614477,0.5737136134148485,0.1912378711382828,0.33333333333333326,0.5802799205546796
56,1.4000000000000001,10.013344931523939,2.1139782269575753,7.899366704566364,0.5737136134148485,0.19123787113828283,0.3333333333333333,0.6252026892009702
57,1.425,10.01334493152394,1.8859163083555794,8.127428623168361,0.5737136134148486,0.19123787113828286,0.3333333333333333,0.6661322764136677
58,1.4500000000000002,10.013344931523942,1.6850981997331467,8.328246731790795,0.5737136134148487,0.19123787113828286,0.33333333333333326,0.7026870394742205
59,1.475,10.013344931523944,1.5113165030179048,8.502028428506039,0.5737136134148488,0.19123787113828286,0.3333333333333332,0.7345309276775805
60,1.5,10.01334493152394,1.3642979656234793,8.649046965900462,0.5737136134148486,0.19123787113828294,0.3333333333333335,0.7613751665757774
61,1.5250000000000001,10.01334493152394,1.2437780431747611,8.76956688834918,0.5737136134148486,0.19123787113828286,0.3333333333333333,0.7829797859832354
62,1.55,10.01334493152394,1.1495645468744733,8.863780384649468,0.5737136134148486,0.19123787113828292,0.3333333333333334,0.7991548744220895
63,1.5750000000000002,10.013344931523942,1.0815876092240897,8.931757322299852,0.5737136134148487,0.19123787113828286,0.33333333333333326,0.8097615021174202
64,1.6,10.013344931523944,1.0399338581403186,8.973411073383625,0.5737136134148488,0.19123787113828286,0.3333333333333332,0.8147122886822101
65,1.625,10.013344931523946,1.0248634177020786,8.988481513821867,0.5737136134148489,0.19123787113828303,0.3333333333333334,0.81397161200946
66,1.6500000000000001,10.013344931523944,1.0368091238302006,8.976535807693743,0.5737136134148488,0.19123787113828294,0.33333333333333337,0.8075554672882086
67,1.675,10.013344931523944,1.0763581242297988,8.936986807294145,0.5737136134148488,0.19123787113828292,0.3333333333333333,0.7955309924682271
68,1.7000000000000002,10.01334493152394,1.1442167932974878,8.869128138226452,0.5737136134148486,0.1912378711382828,0.3333333333333332,0.7780156807643365
69,1.725,10.013344931523942,1.2411606052643904,8.772184326259552,0.5737136134148487,0.19123787113828294,0.3333333333333334,0.7551763034129639
70,1.75,10.01334493152394,1.367971246009764,8.645373685514176,0.5737136134148486,0.19123787113828286,0.3333333333333333,0.7272275685080928
71,1.7750000000000001,10.013344931523942,1.5253637826315576,8.487981148892384,0.5737136134148487,0.19123787113828286,0.33333333333333326,0.6944305465972432
72,1.8,10.013344931523942,1.7139071311690939,8.299437800354848,0.5737136134148487,0.19123787113828286,0.33333333333333326,0.6570909043781553
73,1.8250000000000002,10.013344931523939,1.9339413528811678,8.079403578642772,0.5737136134148485,0.19123787113828286,0.33333333333333337,0.6155570106165889
74,1.85,10.013344931523939,2.1854954594937324,7.8278494720302065,0.5737136134148485,0.1912378711382828,0.33333333333333326,0.5702180255619849
75,1.875,10.013344931523939,2.4682094145875295,7.545135516936409,0.5737136134148485,0.19123787113828292,0.3333333333333335,0.5215021825663931
76,1.9000000000000001,10.013344931523939,2.781263883944642,7.232081047579296,0.5737136134148485,0.1912378711382828,0.33333333333333326,0.46987567762129745
77,1.925,10.013344931523939,3.1233210195297927,6.890023911994145,0.5737136134148485,0.19123787113828283,0.3333333333333333,0.41584304666152727
78,1.9500000000000002,10.013344931523939,3.492479171910207,6.520865759613732,0.5737136134148485,0.19123787113828283,0.3333333333333333,0.3599510341430942
79,1.975,10.013344931523939,3.8862439305446874,6.127101000979251,0.5737136134148485,0.1912378711382828,0.33333333333333326,0.3028009633740349
80,2.0,10.013344931523939,4.301517310174484,5.711827621349454,0.5737136134148485,0.19123787113828275,0.3333333333333332,0.24508376993251632
